DateTime,Date,Time,Hour,Minute,DayOfWeek,DayOfMonth,BarInSession,Open,High,Low,Close,Volume,BarDirection,BodySize,UpperWick,LowerWick,BarRange,VWAP,VWAP_SD1_Upper,VWAP_SD1_Lower,VWAP_SD2_Upper,VWAP_SD2_Lower,VWAP_SD3_Upper,VWAP_SD3_Lower,VWAP_ZScore,CumDelta_Close,CumDelta_High,CumDelta_Low,ATR_14,ATR_5,ADX_14,RSI_14,EMA_9,EMA_21,SMA_50,SMA_200,SessionHigh,SessionLow,SessionOpen,SessionRange,SessionPosition,DistFromHigh,DistFromLow,ConsecUpBars,ConsecDownBars,IsNewSession,AsiaHigh,AsiaLow,AsiaRange,AsiaClose,LondonHigh,LondonLow,LondonRange,LondonClose,OR_High,OR_Low,OR_Complete,OR_Direction,PrevDayHigh,PrevDayLow,PrevDayClose,PrevDayRange,GapFromPrevClose,Close_5m,Close_15m,Close_60m,Close_Daily,High_5m,IsEndOfMonth,IsQuarterEnd,DailyVolume,DistSwingHigh,DistSwingLow,Cam_CP,Cam_R3,Cam_R4,Cam_S3,Cam_S4,Dist_R3_Ticks,Dist_R4_Ticks,Dist_S3_Ticks,Dist_S4_Ticks,Dist_CP_Ticks
2020-01-01 20:21:00,2020-01-01,20:21,20,21,3,1,1,11588.75,11589.00,11588.50,11588.75,33,0,0.00,0.25,0.25,0.50,11588.75,11588.75,11588.75,11588.75,11588.75,11588.75,11588.75,0.0000,0,0,0,1.13,1.01,25.24,49.33,11589.45,11589.18,11587.02,11585.41,11589.00,11588.50,11588.75,0.50,0.5000,0.25,0.25,0,0,0,11589.00,11588.50,0.50,11588.75,,,0.00,0.00,,,0,0,0.00,0.00,0.00,0.00,0.00,11588.75,11590.25,11587.75,0.00,11591.50,0,0,33,0,0,0.00,0.00,0.00,0.00,0.00,0.00,0.00,0.00,0.00,0.00
2020-01-01 20:22:00,2020-01-01,20:22,20,22,3,1,2,11588.75,11590.00,11588.75,11590.00,31,1,1.25,0.00,0.00,1.25,11589.15,11589.57,11588.74,11589.99,11588.32,11590.40,11587.90,2.0322,0,0,0,1.13,1.06,24.97,56.46,11589.56,11589.25,11587.15,11585.48,11590.00,11588.50,11588.75,1.50,1.0000,0.00,1.50,1,0,0,11590.00,11588.50,1.50,11590.00,,,0.00,0.00,,,0,0,0.00,0.00,0.00,0.00,0.00,11588.75,11590.25,11587.75,0.00,11591.50,0,0,64,1.50,0,0.00,0.00,0.00,0.00,0.00,0.00,0.00,0.00,0.00,0.00
2020-01-01 20:23:00,2020-01-01,20:23,20,23,3,1,3,11590.25,11590.25,11589.50,11589.50,28,-1,0.75,0.00,0.00,0.75,11589.34,11589.78,11588.89,11590.22,11588.45,11590.66,11588.01,0.3724,0,0,0,1.11,1.00,24.92,53.23,11589.55,11589.27,11587.26,11585.54,11590.25,11588.50,11588.75,1.75,0.5714,0.75,1.00,0,1,0,11590.25,11588.50,1.75,11589.50,,,0.00,0.00,,,0,0,0.00,0.00,0.00,0.00,0.00,11588.75,11590.25,11587.75,0.00,11591.50,0,0,92,2.00,0,0.00,0.00,0.00,0.00,0.00,0.00,0.00,0.00,0.00,0.00
2020-01-01 20:24:00,2020-01-01,20:24,20,24,3,1,4,11590.00,11590.00,11588.75,11590.00,32,0,0.00,0.00,1.25,1.25,11589.40,11589.80,11589.00,11590.19,11588.61,11590.59,11588.21,1.5154,0,0,0,1.12,1.05,23.95,55.94,11589.64,11589.34,11587.41,11585.60,11590.25,11588.50,11588.75,1.75,0.8571,0.25,1.50,0,1,0,11590.25,11588.50,1.75,11590.00,,,0.00,0.00,,,0,0,0.00,0.00,0.00,0.00,0.00,11588.75,11590.25,11587.75,0.00,11591.50,0,0,124,1.50,0,0.00,0.00,0.00,0.00,0.00,0.00,0.00,0.00,0.00,0.00
2020-01-01 20:25:00,2020-01-01,20:25,20,25,3,1,5,11589.75,11590.25,11589.75,11590.25,22,1,0.50,0.00,0.00,0.50,11589.50,11589.94,11589.06,11590.38,11588.62,11590.82,11588.18,1.7003,0,0,0,1.07,0.94,23.28,57.28,11589.76,11589.42,11587.57,11585.66,11590.25,11588.50,11588.75,1.75,1.0000,0.00,1.75,1,0,0,11590.25,11588.50,1.75,11590.25,,,0.00,0.00,,,0,0,0.00,0.00,0.00,0.00,0.00,11590.25,11590.25,11587.75,0.00,11590.25,0,0,146,1.25,1.75,0.00,0.00,0.00,0.00,0.00,0.00,0.00,0.00,0.00,0.00
2020-01-01 20:26:00,2020-01-01,20:26,20,26,3,1,6,11590.25,11590.25,11589.75,11589.75,27,-1,0.50,0.00,0.00,0.50,11589.57,11590.00,11589.14,11590.43,11588.70,11590.86,11588.27,0.4246,0,0,0,1.03,0.85,22.65,53.77,11589.76,11589.45,11587.68,11585.73,11590.25,11588.50,11588.75,1.75,0.7143,0.50,1.25,0,1,0,11590.25,11588.50,1.75,11589.75,,,0.00,0.00,,,0,0,0.00,0.00,0.00,0.00,0.00,11590.25,11590.25,11587.75,0.00,11590.25,0,0,173,1.75,1.25,0.00,0.00,0.00,0.00,0.00,0.00,0.00,0.00,0.00,0.00
2020-01-01 20:27:00,2020-01-01,20:27,20,27,3,1,7,11590.00,11590.50,11589.75,11590.50,36,1,0.50,0.00,0.25,0.75,11589.68,11590.15,11589.22,11590.62,11588.75,11591.09,11588.28,1.7371,0,0,0,1.01,0.83,22.32,57.93,11589.91,11589.55,11587.78,11585.79,11590.50,11588.50,11588.75,2.00,1.0000,0.00,2.00,1,0,0,11590.50,11588.50,2.00,11590.50,,,0.00,0.00,,,0,0,0.00,0.00,0.00,0.00,0.00,11590.25,11590.25,11587.75,0.00,11590.25,0,0,209,1.00,2.00,0.00,0.00,0.00,0.00,0.00,0.00,0.00,0.00,0.00,0.00
2020-01-01 20:28:00,2020-01-01,20:28,20,28,3,1,8,11590.50,11591.00,11589.75,11590.75,46,1,0.25,0.25,0.75,1.25,11589.83,11590.36,11589.30,11590.89,11588.78,11591.42,11588.25,1.7389,0,0,0,1.03,0.91,22.47,59.25,11590.08,11589.66,11587.88,11585.86,11591.00,11588.50,11588.75,2.50,0.9000,0.25,2.25,2,0,0,11591.00,11588.50,2.50,11590.75,,,0.00,0.00,,,0,0,0.00,0.00,0.00,0.00,0.00,11590.25,11590.25,11587.75,0.00,11590.25,0,0,255,0.75,2.25,0.00,0.00,0.00,0.00,0.00,0.00,0.00,0.00,0.00,0.00
2020-01-01 20:29:00,2020-01-01,20:29,20,29,3,1,9,11590.75,11590.75,11590.75,11590.75,16,0,0.00,0.00,0.00,0.00,11589.89,11590.44,11589.33,11591.00,11588.77,11591.55,11588.22,1.5538,0,0,0,0.96,0.73,22.62,59.25,11590.21,11589.76,11588.02,11585.92,11591.00,11588.50,11588.75,2.50,0.9000,0.25,2.25,2,0,0,11591.00,11588.50,2.50,11590.75,,,0.00,0.00,,,0,0,0.00,0.00,0.00,0.00,0.00,11590.25,11590.25,11587.75,0.00,11590.25,0,0,271,0.75,2.25,0.00,0.00,0.00,0.00,0.00,0.00,0.00,0.00,0.00,0.00
2020-01-01 20:30:00,2020-01-01,20:30,20,30,3,1,10,11591.00,11591.00,11590.25,11590.50,27,-1,0.50,0.00,0.25,0.75,11589.95,11590.52,11589.38,11591.08,11588.82,11591.65,11588.25,0.9718,0,0,0,0.94,0.74,22.00,57.17,11590.27,11589.82,11588.12,11585.95,11591.00,11588.50,11588.75,2.50,0.8000,0.50,2.00,0,1,0,11591.00,11588.50,2.50,11590.50,,,0.00,0.00,,,0,0,0.00,0.00,0.00,0.00,0.00,11590.50,11590.50,11587.75,0.00,11591.00,0,0,298,1.00,2.00,0.00,0.00,0.00,0.00,0.00,0.00,0.00,0.00,0.00,0.00
2020-01-01 20:31:00,2020-01-01,20:31,20,31,3,1,11,11590.75,11591.50,11590.25,11590.50,68,-1,0.25,0.75,0.25,1.25,11590.10,11590.70,11589.50,11591.30,11588.90,11591.89,11588.30,0.6714,0,0,0,0.96,0.84,21.94,57.17,11590.31,11589.89,11588.22,11585.97,11591.50,11588.50,11588.75,3.00,0.6667,1.00,2.00,0,2,0,11591.50,11588.50,3.00,11590.50,,,0.00,0.00,,,0,0,0.00,0.00,0.00,0.00,0.00,11590.50,11590.50,11587.75,0.00,11591.00,0,0,366,1.00,2.00,0.00,0.00,0.00,0.00,0.00,0.00,0.00,0.00,0.00,0.00
2020-01-01 20:32:00,2020-01-01,20:32,20,32,3,1,12,11590.50,11591.75,11590.50,11591.75,41,1,1.25,0.00,0.00,1.25,11590.22,11590.90,11589.54,11591.58,11588.86,11592.26,11588.19,2.2504,0,0,0,0.98,0.92,22.13,64.40,11590.60,11590.05,11588.36,11586.00,11591.75,11588.50,11588.75,3.25,1.0000,0.00,3.25,1,0,0,11591.75,11588.50,3.25,11591.75,,,0.00,0.00,,,0,0,0.00,0.00,0.00,0.00,0.00,11590.50,11590.50,11587.75,0.00,11591.00,0,0,407,-0.25,3.25,0.00,0.00,0.00,0.00,0.00,0.00,0.00,0.00,0.00,0.00
2020-01-01 20:33:00,2020-01-01,20:33,20,33,3,1,13,11591.50,11592.25,11591.50,11591.50,88,0,0.00,0.75,0.00,0.75,11590.49,11591.34,11589.65,11592.19,11588.80,11593.04,11587.95,1.1857,0,0,0,0.97,0.89,22.76,62.14,11590.78,11590.19,11588.47,11586.02,11592.25,11588.50,11588.75,3.75,0.8000,0.75,3.00,1,0,0,11592.25,11588.50,3.75,11591.50,,,0.00,0.00,,,0,0,0.00,0.00,0.00,0.00,0.00,11590.50,11590.50,11587.75,0.00,11591.00,0,0,495,0.00,3.00,0.00,0.00,0.00,0.00,0.00,0.00,0.00,0.00,0.00,0.00
2020-01-01 20:34:00,2020-01-01,20:34,20,34,3,1,14,11591.75,11592.00,11591.50,11591.75,22,0,0.00,0.25,0.25,0.50,11590.55,11591.42,11589.68,11592.28,11588.81,11593.15,11587.94,1.3853,0,0,0,0.93,0.81,23.34,63.52,11590.98,11590.33,11588.62,11586.05,11592.25,11588.50,11588.75,3.75,0.8667,0.50,3.25,1,0,0,11592.25,11588.50,3.75,11591.75,,,0.00,0.00,,,0,0,0.00,0.00,0.00,0.00,0.00,11590.50,11590.50,11587.75,0.00,11591.00,0,0,517,-0.25,3.25,0.00,0.00,0.00,0.00,0.00,0.00,0.00,0.00,0.00,0.00
2020-01-01 20:35:00,2020-01-01,20:35,20,35,3,1,15,11591.75,11592.25,11591.50,11592.25,34,1,0.50,0.00,0.25,0.75,11590.64,11591.55,11589.73,11592.46,11588.82,11593.37,11587.91,1.7712,0,0,0,0.92,0.80,24.12,66.17,11591.23,11590.50,11588.78,11586.08,11592.25,11588.50,11588.75,3.75,1.0000,0.00,3.75,2,0,0,11592.25,11588.50,3.75,11592.25,,,0.00,0.00,,,0,0,0.00,0.00,0.00,0.00,0.00,11592.25,11590.50,11587.75,0.00,11592.25,0,0,551,-0.75,3.75,0.00,0.00,0.00,0.00,0.00,0.00,0.00,0.00,0.00,0.00
2020-01-01 20:36:00,2020-01-01,20:36,20,36,3,1,16,11592.00,11592.75,11591.75,11592.00,79,0,0.00,0.75,0.25,1.00,11590.83,11591.82,11589.84,11592.81,11588.85,11593.80,11587.86,1.1819,0,0,0,0.93,0.84,25.27,63.68,11591.38,11590.64,11588.92,11586.10,11592.75,11588.50,11588.75,4.25,0.8235,0.75,3.50,2,0,0,11592.75,11588.50,4.25,11592.00,,,0.00,0.00,,,0,0,0.00,0.00,0.00,0.00,0.00,11592.25,11590.50,11587.75,0.00,11592.25,0,0,630,-0.50,3.50,0.00,0.00,0.00,0.00,0.00,0.00,0.00,0.00,0.00,0.00
2020-01-01 20:37:00,2020-01-01,20:37,20,37,3,1,17,11592.25,11592.50,11592.00,11592.25,17,0,0.00,0.25,0.25,0.50,11590.87,11591.87,11589.86,11592.87,11588.86,11593.88,11587.85,1.3785,0,0,0,0.90,0.77,26.34,65.09,11591.56,11590.79,11589.07,11586.14,11592.75,11588.50,11588.75,4.25,0.8824,0.50,3.75,2,0,0,11592.75,11588.50,4.25,11592.25,,,0.00,0.00,,,0,0,0.00,0.00,0.00,0.00,0.00,11592.25,11590.50,11587.75,0.00,11592.25,0,0,647,-0.75,3.75,0.00,0.00,0.00,0.00,0.00,0.00,0.00,0.00,0.00,0.00
2020-01-01 20:38:00,2020-01-01,20:38,20,38,3,1,18,11592.25,11592.50,11592.00,11592.50,21,1,0.25,0.00,0.25,0.50,11590.91,11591.93,11589.89,11592.95,11588.87,11593.97,11587.85,1.5556,0,0,0,0.87,0.72,27.33,66.50,11591.75,11590.94,11589.21,11586.18,11592.75,11588.50,11588.75,4.25,0.9412,0.25,4.00,3,0,0,11592.75,11588.50,4.25,11592.50,,,0.00,0.00,,,0,0,0.00,0.00,0.00,0.00,0.00,11592.25,11590.50,11587.75,0.00,11592.25,0,0,668,-1.00,4.00,0.00,0.00,0.00,0.00,0.00,0.00,0.00,0.00,0.00,0.00
2020-01-01 20:39:00,2020-01-01,20:39,20,39,3,1,19,11592.25,11592.25,11592.00,11592.25,26,0,0.00,0.00,0.25,0.25,11590.96,11591.99,11589.93,11593.02,11588.90,11594.05,11587.87,1.2540,0,0,0,0.84,0.67,28.25,63.74,11591.85,11591.06,11589.35,11586.20,11592.75,11588.50,11588.75,4.25,0.8824,0.50,3.75,3,0,0,11592.75,11588.50,4.25,11592.25,,,0.00,0.00,,,0,0,0.00,0.00,0.00,0.00,0.00,11592.25,11590.50,11587.75,0.00,11592.25,0,0,694,-0.75,3.75,0.00,0.00,0.00,0.00,0.00,0.00,0.00,0.00,0.00,0.00
2020-01-01 20:40:00,2020-01-01,20:40,20,40,3,1,20,11592.50,11593.00,11592.50,11592.50,60,0,0.00,0.50,0.00,0.50,11591.10,11592.19,11590.00,11593.28,11588.91,11594.37,11587.82,1.2886,0,0,0,0.83,0.69,29.78,65.29,11591.98,11591.19,11589.48,11586.23,11593.00,11588.50,11588.75,4.50,0.8889,0.50,4.00,3,0,0,11593.00,11588.50,4.50,11592.50,,,0.00,0.00,,,0,0,0.00,0.00,0.00,0.00,0.00,11592.50,11590.50,11587.75,0.00,11593.00,0,0,754,-1.00,4.00,0.00,0.00,0.00,0.00,0.00,0.00,0.00,0.00,0.00,0.00
2020-01-01 20:41:00,2020-01-01,20:41,20,41,3,1,21,11592.50,11592.75,11592.00,11592.25,40,-1,0.25,0.25,0.25,0.75,11591.16,11592.25,11590.06,11593.35,11588.96,11594.45,11587.87,0.9964,0,0,0,0.83,0.70,30.11,62.41,11592.03,11591.29,11589.63,11586.24,11593.00,11588.50,11588.75,4.50,0.8333,0.75,3.75,0,1,0,11593.00,11588.50,4.50,11592.25,,,0.00,0.00,,,0,0,0.00,0.00,0.00,0.00,0.00,11592.50,11590.50,11587.75,0.00,11593.00,0,0,794,-0.75,3.75,0.00,0.00,0.00,0.00,0.00,0.00,0.00,0.00,0.00,0.00
2020-01-01 20:42:00,2020-01-01,20:42,20,42,3,1,22,11592.50,11592.50,11591.50,11591.50,33,-1,1.00,0.00,0.00,1.00,11591.18,11592.27,11590.10,11593.35,11589.02,11594.43,11587.94,0.2915,0,0,0,0.84,0.76,29.49,54.62,11591.93,11591.31,11589.76,11586.25,11593.00,11588.50,11588.75,4.50,0.6667,1.50,3.00,0,2,0,11593.00,11588.50,4.50,11591.50,,,0.00,0.00,,,0,0,0.00,0.00,0.00,0.00,0.00,11592.50,11590.50,11587.75,0.00,11593.00,0,0,827,0.00,3.00,0.00,0.00,0.00,0.00,0.00,0.00,0.00,0.00,0.00,0.00
2020-01-01 20:43:00,2020-01-01,20:43,20,43,3,1,23,11591.50,11592.00,11590.50,11590.50,57,-1,1.00,0.50,0.00,1.50,11591.17,11592.22,11590.12,11593.27,11589.08,11594.32,11588.03,-0.6419,0,0,0,0.89,0.91,27.39,46.32,11591.64,11591.23,11589.89,11586.27,11593.00,11588.50,11588.75,4.50,0.4444,2.50,2.00,0,3,0,11593.00,11588.50,4.50,11590.50,,,0.00,0.00,,,0,0,0.00,0.00,0.00,0.00,0.00,11592.50,11590.50,11587.75,0.00,11593.00,0,0,884,1.00,2.00,0.00,0.00,0.00,0.00,0.00,0.00,0.00,0.00,0.00,0.00
2020-01-01 20:44:00,2020-01-01,20:44,20,44,3,1,24,11591.00,11591.75,11591.00,11591.50,21,1,0.50,0.25,0.00,0.75,11591.18,11592.21,11590.14,11593.25,11589.11,11594.29,11588.07,0.3105,0,0,0,0.91,0.98,25.45,53.87,11591.61,11591.26,11590.02,11586.29,11593.00,11588.50,11588.75,4.50,0.6667,1.50,3.00,1,0,0,11593.00,11588.50,4.50,11591.50,,,0.00,0.00,,,0,0,0.00,0.00,0.00,0.00,0.00,11592.50,11590.50,11587.75,0.00,11593.00,0,0,905,0.00,3.00,0.00,0.00,0.00,0.00,0.00,0.00,0.00,0.00,0.00,0.00
2020-01-01 20:45:00,2020-01-01,20:45,20,45,3,1,25,11591.25,11591.25,11590.75,11590.75,20,-1,0.50,0.00,0.00,0.50,11591.17,11592.20,11590.15,11593.22,11589.12,11594.25,11588.10,-0.4120,0,0,0,0.90,0.93,23.96,48.38,11591.44,11591.21,11590.12,11586.32,11593.00,11588.50,11588.75,4.50,0.5000,2.25,2.25,0,1,0,11593.00,11588.50,4.50,11590.75,,,0.00,0.00,,,0,0,0.00,0.00,0.00,0.00,0.00,11590.75,11590.75,11587.75,0.00,11592.75,0,0,925,2.25,2.25,0.00,0.00,0.00,0.00,0.00,0.00,0.00,0.00,0.00,0.00
2020-01-01 20:46:00,2020-01-01,20:46,20,46,3,1,26,11591.25,11592.25,11591.25,11591.75,15,1,0.50,0.50,0.00,1.00,11591.18,11592.20,11590.16,11593.22,11589.14,11594.24,11588.12,0.5570,0,0,0,0.94,1.05,23.20,54.97,11591.50,11591.26,11590.25,11586.35,11593.00,11588.50,11588.75,4.50,0.7222,1.25,3.25,1,0,0,11593.00,11588.50,4.50,11591.75,,,0.00,0.00,,,0,0,0.00,0.00,0.00,0.00,0.00,11590.75,11590.75,11587.75,0.00,11592.75,0,0,940,1.25,3.25,0.00,0.00,0.00,0.00,0.00,0.00,0.00,0.00,0.00,0.00
2020-01-01 20:47:00,2020-01-01,20:47,20,47,3,1,27,11591.50,11591.50,11590.25,11590.50,31,-1,1.00,0.00,0.25,1.25,11591.17,11592.17,11590.16,11593.18,11589.15,11594.19,11588.15,-0.6637,0,0,0,0.98,1.14,21.86,46.90,11591.30,11591.19,11590.36,11586.36,11593.00,11588.50,11588.75,4.50,0.4444,2.50,2.00,0,1,0,11593.00,11588.50,4.50,11590.50,,,0.00,0.00,,,0,0,0.00,0.00,0.00,0.00,0.00,11590.75,11590.75,11587.75,0.00,11592.75,0,0,971,2.50,2.00,0.00,0.00,0.00,0.00,0.00,0.00,0.00,0.00,0.00,0.00
2020-01-01 20:48:00,2020-01-01,20:48,20,48,3,1,28,11590.25,11590.50,11590.25,11590.25,22,0,0.00,0.25,0.00,0.25,11591.15,11592.15,11590.15,11593.16,11589.14,11594.16,11588.14,-0.8969,0,0,0,0.93,0.96,20.61,45.47,11591.09,11591.11,11590.45,11586.37,11593.00,11588.50,11588.75,4.50,0.3889,2.75,1.75,0,1,0,11593.00,11588.50,4.50,11590.25,,,0.00,0.00,,,0,0,0.00,0.00,0.00,0.00,0.00,11590.75,11590.75,11587.75,0.00,11592.75,0,0,993,2.75,1.75,0.00,0.00,0.00,0.00,0.00,0.00,0.00,0.00,0.00,0.00
2020-01-01 20:49:00,2020-01-01,20:49,20,49,3,1,29,11590.25,11590.75,11590.25,11590.75,11,1,0.50,0.00,0.00,0.50,11591.14,11592.14,11590.14,11593.14,11589.15,11594.14,11588.15,-0.3937,0,0,0,0.90,0.87,19.15,48.84,11591.02,11591.07,11590.54,11586.38,11593.00,11588.50,11588.75,4.50,0.5000,2.25,2.25,1,0,0,11593.00,11588.50,4.50,11590.75,,,0.00,0.00,,,0,0,0.00,0.00,0.00,0.00,0.00,11590.75,11590.75,11587.75,0.00,11592.75,0,0,1004,2.25,2.25,0.00,0.00,0.00,0.00,0.00,0.00,0.00,0.00,0.00,0.00
2020-01-01 20:50:00,2020-01-01,20:50,20,50,3,1,30,11590.50,11591.00,11590.50,11591.00,6,1,0.50,0.00,0.00,0.50,11591.14,11592.14,11590.15,11593.13,11589.15,11594.13,11588.15,-0.1420,0,0,0,0.87,0.79,18.11,50.49,11591.02,11591.07,11590.60,11586.39,11593.00,11588.50,11588.75,4.50,0.5556,2.00,2.50,2,0,0,11593.00,11588.50,4.50,11591.00,,,0.00,0.00,,,0,0,0.00,0.00,0.00,0.00,0.00,11591.00,11590.75,11587.75,0.00,11592.25,0,0,1010,2.00,2.50,0.00,0.00,0.00,0.00,0.00,0.00,0.00,0.00,0.00,0.00
2020-01-01 20:51:00,2020-01-01,20:51,20,51,3,1,31,11591.00,11591.50,11591.00,11591.25,17,1,0.25,0.25,0.00,0.50,11591.14,11592.13,11590.16,11593.12,11589.17,11594.11,11588.18,0.1080,0,0,0,0.85,0.73,17.74,52.16,11591.06,11591.08,11590.69,11586.41,11593.00,11588.50,11588.75,4.50,0.6111,1.75,2.75,3,0,0,11593.00,11588.50,4.50,11591.25,,,0.00,0.00,,,0,0,0.00,0.00,0.00,0.00,0.00,11591.00,11590.75,11587.75,0.00,11592.25,0,0,1027,1.75,2.75,0.00,0.00,0.00,0.00,0.00,0.00,0.00,0.00,0.00,0.00
2020-01-01 20:52:00,2020-01-01,20:52,20,52,3,1,32,11591.25,11591.25,11591.25,11591.25,9,0,0.00,0.00,0.00,0.00,11591.14,11592.13,11590.16,11593.11,11589.18,11594.10,11588.19,0.1075,0,0,0,0.79,0.59,17.40,52.16,11591.10,11591.10,11590.73,11586.43,11593.00,11588.50,11588.75,4.50,0.6111,1.75,2.75,3,0,0,11593.00,11588.50,4.50,11591.25,,,0.00,0.00,,,0,0,0.00,0.00,0.00,0.00,0.00,11591.00,11590.75,11587.75,0.00,11592.25,0,0,1036,1.75,1.00,0.00,0.00,0.00,0.00,0.00,0.00,0.00,0.00,0.00,0.00
2020-01-01 20:53:00,2020-01-01,20:53,20,53,3,1,33,11591.50,11591.75,11591.50,11591.75,15,1,0.25,0.00,0.00,0.25,11591.15,11592.13,11590.17,11593.11,11589.19,11594.09,11588.21,0.6112,0,0,0,0.77,0.57,17.65,55.61,11591.23,11591.16,11590.76,11586.45,11593.00,11588.50,11588.75,4.50,0.7222,1.25,3.25,4,0,0,11593.00,11588.50,4.50,11591.75,,,0.00,0.00,,,0,0,0.00,0.00,0.00,0.00,0.00,11591.00,11590.75,11587.75,0.00,11592.25,0,0,1051,1.25,1.50,0.00,0.00,0.00,0.00,0.00,0.00,0.00,0.00,0.00,0.00
2020-01-01 20:54:00,2020-01-01,20:54,20,54,3,1,34,11591.75,11592.50,11591.75,11592.00,24,1,0.25,0.50,0.00,0.75,11591.17,11592.15,11590.19,11593.13,11589.22,11594.11,11588.24,0.8464,0,0,0,0.76,0.61,18.62,57.27,11591.39,11591.23,11590.78,11586.48,11593.00,11588.50,11588.75,4.50,0.7778,1.00,3.50,5,0,0,11593.00,11588.50,4.50,11592.00,,,0.00,0.00,,,0,0,0.00,0.00,0.00,0.00,0.00,11591.00,11590.75,11587.75,0.00,11592.25,0,0,1075,1.00,1.75,0.00,0.00,0.00,0.00,0.00,0.00,0.00,0.00,0.00,0.00
2020-01-01 20:55:00,2020-01-01,20:55,20,55,3,1,35,11592.00,11592.00,11591.75,11591.75,17,-1,0.25,0.00,0.00,0.25,11591.18,11592.16,11590.21,11593.13,11589.24,11594.10,11588.26,0.5827,0,0,0,0.73,0.54,19.52,55.05,11591.46,11591.28,11590.78,11586.51,11593.00,11588.50,11588.75,4.50,0.7222,1.25,3.25,0,1,0,11593.00,11588.50,4.50,11591.75,,,0.00,0.00,,,0,0,0.00,0.00,0.00,0.00,0.00,11591.75,11590.75,11587.75,0.00,11592.50,0,0,1092,1.25,1.50,0.00,0.00,0.00,0.00,0.00,0.00,0.00,0.00,0.00,0.00
2020-01-01 20:56:00,2020-01-01,20:56,20,56,3,1,36,11591.75,11591.75,11591.75,11591.75,10,0,0.00,0.00,0.00,0.00,11591.19,11592.16,11590.22,11593.13,11589.25,11594.10,11588.28,0.5791,0,0,0,0.68,0.43,20.35,55.05,11591.52,11591.32,11590.81,11586.54,11593.00,11588.50,11588.75,4.50,0.7222,1.25,3.25,0,1,0,11593.00,11588.50,4.50,11591.75,,,0.00,0.00,,,0,0,0.00,0.00,0.00,0.00,0.00,11591.75,11590.75,11587.75,0.00,11592.50,0,0,1102,1.25,1.50,0.00,0.00,0.00,0.00,0.00,0.00,0.00,0.00,0.00,0.00
2020-01-01 20:57:00,2020-01-01,20:57,20,57,3,1,37,11591.75,11591.75,11591.00,11591.25,19,-1,0.50,0.00,0.25,0.75,11591.19,11592.15,11590.23,11593.12,11589.27,11594.08,11588.30,0.0619,0,0,0,0.68,0.49,19.82,50.51,11591.46,11591.32,11590.83,11586.57,11593.00,11588.50,11588.75,4.50,0.6111,1.75,2.75,0,2,0,11593.00,11588.50,4.50,11591.25,,,0.00,0.00,,,0,0,0.00,0.00,0.00,0.00,0.00,11591.75,11590.75,11587.75,0.00,11592.50,0,0,1121,1.75,1.00,0.00,0.00,0.00,0.00,0.00,0.00,0.00,0.00,0.00,0.00
2020-01-01 20:58:00,2020-01-01,20:58,20,58,3,1,38,11591.00,11591.25,11591.00,11591.00,22,0,0.00,0.25,0.00,0.25,11591.19,11592.14,11590.24,11593.09,11589.28,11594.05,11588.33,-0.1976,0,0,0,0.65,0.44,19.33,48.36,11591.37,11591.29,11590.85,11586.60,11593.00,11588.50,11588.75,4.50,0.5556,2.00,2.50,0,2,0,11593.00,11588.50,4.50,11591.00,,,0.00,0.00,,,0,0,0.00,0.00,0.00,0.00,0.00,11591.75,11590.75,11587.75,0.00,11592.50,0,0,1143,2.00,0.75,0.00,0.00,0.00,0.00,0.00,0.00,0.00,0.00,0.00,0.00
2020-01-01 20:59:00,2020-01-01,20:59,20,59,3,1,39,11591.00,11591.00,11591.00,11591.00,6,0,0.00,0.00,0.00,0.00,11591.19,11592.14,11590.24,11593.09,11589.29,11594.04,11588.33,-0.1970,0,0,0,0.60,0.36,18.87,48.36,11591.30,11591.26,11590.88,11586.64,11593.00,11588.50,11588.75,4.50,0.5556,2.00,2.50,0,2,0,11593.00,11588.50,4.50,11591.00,,,0.00,0.00,,,0,0,0.00,0.00,0.00,0.00,0.00,11591.75,11590.75,11587.75,0.00,11592.50,0,0,1149,1.50,0.75,0.00,0.00,0.00,0.00,0.00,0.00,0.00,0.00,0.00,0.00
2020-01-01 21:00:00,2020-01-01,21:00,21,0,3,1,40,11591.00,11591.50,11591.00,11591.50,6,1,0.50,0.00,0.00,0.50,11591.19,11592.14,11590.24,11593.09,11589.29,11594.03,11588.34,0.3289,0,0,0,0.60,0.38,19.10,53.00,11591.34,11591.28,11590.91,11586.68,11593.00,11588.50,11588.75,4.50,0.6667,1.50,3.00,1,0,0,11593.00,11588.50,4.50,11591.50,,,0.00,0.00,,,0,0,0.00,0.00,0.00,0.00,0.00,11591.50,11591.50,11591.50,0.00,11591.75,0,0,1155,1.00,1.25,0.00,0.00,0.00,0.00,0.00,0.00,0.00,0.00,0.00,0.00
2020-01-01 21:01:00,2020-01-01,21:01,21,1,3,1,41,11591.50,11592.00,11591.50,11592.00,31,1,0.50,0.00,0.00,0.50,11591.20,11592.15,11590.26,11593.09,11589.32,11594.03,11588.38,0.8443,0,0,0,0.59,0.41,19.86,57.14,11591.47,11591.35,11590.94,11586.72,11593.00,11588.50,11588.75,4.50,0.7778,1.00,3.50,2,0,0,11593.00,11588.50,4.50,11592.00,,,0.00,0.00,,,0,0,0.00,0.00,0.00,0.00,0.00,11591.50,11591.50,11591.50,0.00,11591.75,0,0,1186,0.50,1.75,0.00,0.00,0.00,0.00,0.00,0.00,0.00,0.00,0.00,0.00
2020-01-01 21:02:00,2020-01-01,21:02,21,2,3,1,42,11592.00,11592.25,11591.50,11591.75,22,-1,0.25,0.25,0.25,0.75,11591.22,11592.15,11590.28,11593.09,11589.34,11594.03,11588.41,0.5696,0,0,0,0.60,0.48,20.83,54.55,11591.53,11591.39,11590.96,11586.76,11593.00,11588.50,11588.75,4.50,0.7222,1.25,3.25,0,1,0,11593.00,11588.50,4.50,11591.75,,,0.00,0.00,,,0,0,0.00,0.00,0.00,0.00,0.00,11591.50,11591.50,11591.50,0.00,11591.75,0,0,1208,0.75,0.75,0.00,0.00,0.00,0.00,0.00,0.00,0.00,0.00,0.00,0.00
2020-01-01 21:03:00,2020-01-01,21:03,21,3,3,1,43,11591.75,11592.25,11591.50,11592.25,23,1,0.50,0.00,0.25,0.75,11591.23,11592.17,11590.30,11593.10,11589.36,11594.03,11588.43,1.0909,0,0,0,0.61,0.53,21.73,58.60,11591.67,11591.46,11591.00,11586.81,11593.00,11588.50,11588.75,4.50,0.8333,0.75,3.75,1,0,0,11593.00,11588.50,4.50,11592.25,,,0.00,0.00,,,0,0,0.00,0.00,0.00,0.00,0.00,11591.50,11591.50,11591.50,0.00,11591.75,0,0,1231,0.25,1.25,0.00,0.00,0.00,0.00,0.00,0.00,0.00,0.00,0.00,0.00
2020-01-01 21:04:00,2020-01-01,21:04,21,4,3,1,44,11592.00,11592.50,11592.00,11592.25,23,1,0.25,0.25,0.00,0.50,11591.25,11592.19,11590.31,11593.12,11589.38,11594.06,11588.44,1.0692,0,0,0,0.60,0.52,22.84,58.60,11591.79,11591.54,11591.03,11586.85,11593.00,11588.50,11588.75,4.50,0.8333,0.75,3.75,2,0,0,11593.00,11588.50,4.50,11592.25,,,0.00,0.00,,,0,0,0.00,0.00,0.00,0.00,0.00,11591.50,11591.50,11591.50,0.00,11591.75,0,0,1254,0.25,1.25,0.00,0.00,0.00,0.00,0.00,0.00,0.00,0.00,0.00,0.00
2020-01-01 21:05:00,2020-01-01,21:05,21,5,3,1,45,11592.25,11592.75,11592.00,11592.25,38,0,0.00,0.50,0.25,0.75,11591.28,11592.22,11590.34,11593.16,11589.40,11594.10,11588.46,1.0306,0,0,0,0.61,0.57,24.12,58.60,11591.88,11591.60,11591.07,11586.90,11593.00,11588.50,11588.75,4.50,0.8333,0.75,3.75,2,0,0,11593.00,11588.50,4.50,11592.25,,,0.00,0.00,,,0,0,0.00,0.00,0.00,0.00,0.00,11592.25,11591.50,11591.50,0.00,11592.75,0,0,1292,0.25,1.25,0.00,0.00,0.00,0.00,0.00,0.00,0.00,0.00,0.00,0.00
2020-01-01 21:06:00,2020-01-01,21:06,21,6,3,1,46,11592.50,11592.50,11592.25,11592.50,16,0,0.00,0.00,0.25,0.25,11591.30,11592.24,11590.35,11593.18,11589.41,11594.12,11588.47,1.2784,0,0,0,0.59,0.51,25.31,60.77,11592.00,11591.68,11591.11,11586.95,11593.00,11588.50,11588.75,4.50,0.8889,0.50,4.00,2,0,0,11593.00,11588.50,4.50,11592.50,,,0.00,0.00,,,0,0,0.00,0.00,0.00,0.00,0.00,11592.25,11591.50,11591.50,0.00,11592.75,0,0,1308,0.00,1.50,0.00,0.00,0.00,0.00,0.00,0.00,0.00,0.00,0.00,0.00
2020-01-01 21:07:00,2020-01-01,21:07,21,7,3,1,47,11592.75,11593.00,11591.75,11592.00,59,-1,0.75,0.25,0.25,1.25,11591.34,11592.28,11590.39,11593.22,11589.45,11594.16,11588.51,0.7043,0,0,0,0.64,0.65,26.41,54.59,11592.00,11591.71,11591.15,11586.99,11593.00,11588.50,11588.75,4.50,0.7778,1.00,3.50,0,1,0,11593.00,11588.50,4.50,11592.00,,,0.00,0.00,,,0,0,0.00,0.00,0.00,0.00,0.00,11592.25,11591.50,11591.50,0.00,11592.75,0,0,1367,0.50,1.00,0.00,0.00,0.00,0.00,0.00,0.00,0.00,0.00,0.00,0.00
2020-01-01 21:08:00,2020-01-01,21:08,21,8,3,1,48,11592.00,11592.50,11591.75,11592.00,22,0,0.00,0.50,0.25,0.75,11591.35,11592.29,11590.41,11593.23,11589.47,11594.17,11588.53,0.6938,0,0,0,0.64,0.67,27.44,54.59,11592.00,11591.74,11591.21,11587.02,11593.00,11588.50,11588.75,4.50,0.7778,1.00,3.50,0,1,0,11593.00,11588.50,4.50,11592.00,,,0.00,0.00,,,0,0,0.00,0.00,0.00,0.00,0.00,11592.25,11591.50,11591.50,0.00,11592.75,0,0,1389,0.50,1.00,0.00,0.00,0.00,0.00,0.00,0.00,0.00,0.00,0.00,0.00
2020-01-01 21:09:00,2020-01-01,21:09,21,9,3,1,49,11592.00,11592.50,11592.00,11592.50,11,1,0.50,0.00,0.00,0.50,11591.36,11592.30,11590.42,11593.23,11589.48,11594.17,11588.54,1.2177,0,0,0,0.63,0.64,28.39,59.38,11592.10,11591.81,11591.27,11587.06,11593.00,11588.50,11588.75,4.50,0.8889,0.50,4.00,1,0,0,11593.00,11588.50,4.50,11592.50,,,0.00,0.00,,,0,0,0.00,0.00,0.00,0.00,0.00,11592.25,11591.50,11591.50,0.00,11592.75,0,0,1400,0.00,1.50,0.00,0.00,0.00,0.00,0.00,0.00,0.00,0.00,0.00,0.00
2020-01-01 21:10:00,2020-01-01,21:10,21,10,3,1,50,11592.50,11592.75,11592.50,11592.50,11,0,0.00,0.25,0.00,0.25,11591.37,11592.31,11590.42,11593.25,11589.48,11594.19,11588.54,1.2042,0,0,0,0.61,0.56,29.60,59.38,11592.18,11591.87,11591.35,11587.10,11593.00,11588.50,11588.75,4.50,0.8889,0.50,4.00,1,0,0,11593.00,11588.50,4.50,11592.50,,,0.00,0.00,,,0,0,0.00,0.00,0.00,0.00,0.00,11592.50,11591.50,11591.50,0.00,11593.00,0,0,1411,0.00,1.50,0.00,0.00,0.00,0.00,0.00,0.00,0.00,0.00,0.00,0.00
2020-01-01 21:11:00,2020-01-01,21:11,21,11,3,1,51,11592.75,11593.00,11592.75,11593.00,15,1,0.25,0.00,0.00,0.25,11591.38,11592.33,11590.43,11593.28,11589.48,11594.23,11588.53,1.7028,0,0,0,0.60,0.55,31.02,63.81,11592.35,11591.97,11591.43,11587.15,11593.00,11588.50,11588.75,4.50,1.0000,0.00,4.50,2,0,0,11593.00,11588.50,4.50,11593.00,,,0.00,0.00,,,0,0,0.00,0.00,0.00,0.00,0.00,11592.50,11591.50,11591.50,0.00,11593.00,0,0,1426,-0.50,2.00,0.00,0.00,0.00,0.00,0.00,0.00,0.00,0.00,0.00,0.00
2020-01-01 21:12:00,2020-01-01,21:12,21,12,3,1,52,11593.00,11594.25,11593.00,11594.00,172,1,1.00,0.25,0.00,1.25,11591.64,11592.80,11590.48,11593.96,11589.32,11595.12,11588.16,2.0382,0,0,0,0.64,0.69,33.38,70.70,11592.68,11592.16,11591.51,11587.20,11594.25,11588.50,11588.75,5.75,0.9565,0.25,5.50,3,0,0,11594.25,11588.50,5.75,11594.00,,,0.00,0.00,,,0,0,0.00,0.00,0.00,0.00,0.00,11592.50,11591.50,11591.50,0.00,11593.00,0,0,1598,-1.50,3.00,0.00,0.00,0.00,0.00,0.00,0.00,0.00,0.00,0.00,0.00
2020-01-01 21:13:00,2020-01-01,21:13,21,13,3,1,53,11593.75,11594.50,11593.75,11594.00,76,1,0.25,0.50,0.00,0.75,11591.75,11592.99,11590.51,11594.23,11589.26,11595.47,11588.02,1.8132,0,0,0,0.65,0.70,35.73,70.70,11592.94,11592.32,11591.60,11587.26,11594.50,11588.50,11588.75,6.00,0.9167,0.50,5.50,4,0,0,11594.50,11588.50,6.00,11594.00,,,0.00,0.00,,,0,0,0.00,0.00,0.00,0.00,0.00,11592.50,11591.50,11591.50,0.00,11593.00,0,0,1674,-1.50,3.00,0.00,0.00,0.00,0.00,0.00,0.00,0.00,0.00,0.00,0.00
2020-01-01 21:14:00,2020-01-01,21:14,21,14,3,1,54,11594.00,11594.00,11593.50,11593.50,34,-1,0.50,0.00,0.00,0.50,11591.79,11593.04,11590.53,11594.30,11589.27,11595.56,11588.01,1.3619,0,0,0,0.64,0.66,37.20,63.67,11593.05,11592.43,11591.67,11587.31,11594.50,11588.50,11588.75,6.00,0.8333,1.00,5.00,0,1,0,11594.50,11588.50,6.00,11593.50,,,0.00,0.00,,,0,0,0.00,0.00,0.00,0.00,0.00,11592.50,11591.50,11591.50,0.00,11593.00,0,0,1708,-1.00,2.50,0.00,0.00,0.00,0.00,0.00,0.00,0.00,0.00,0.00,0.00
2020-01-01 21:15:00,2020-01-01,21:15,21,15,3,1,55,11593.50,11593.50,11593.25,11593.50,18,0,0.00,0.00,0.25,0.25,11591.80,11593.07,11590.54,11594.33,11589.28,11595.59,11588.02,1.3437,0,0,0,0.61,0.58,37.90,63.67,11593.14,11592.53,11591.74,11587.37,11594.50,11588.50,11588.75,6.00,0.8333,1.00,5.00,0,1,0,11594.50,11588.50,6.00,11593.50,,,0.00,0.00,,,0,0,0.00,0.00,0.00,0.00,0.00,11593.50,11593.50,11591.50,0.00,11594.50,0,0,1726,-1.00,2.50,0.00,0.00,0.00,0.00,0.00,0.00,0.00,0.00,0.00,0.00
2020-01-01 21:16:00,2020-01-01,21:16,21,16,3,1,56,11593.25,11593.50,11593.25,11593.50,22,1,0.25,0.00,0.00,0.25,11591.82,11593.09,11590.56,11594.36,11589.29,11595.63,11588.02,1.3226,0,0,0,0.59,0.51,38.54,63.67,11593.21,11592.62,11591.81,11587.42,11594.50,11588.50,11588.75,6.00,0.8333,1.00,5.00,1,0,0,11594.50,11588.50,6.00,11593.50,,,0.00,0.00,,,0,0,0.00,0.00,0.00,0.00,0.00,11593.50,11593.50,11591.50,0.00,11594.50,0,0,1748,-1.00,2.50,0.00,0.00,0.00,0.00,0.00,0.00,0.00,0.00,0.00,0.00
2020-01-01 21:17:00,2020-01-01,21:17,21,17,3,1,57,11593.50,11593.75,11593.25,11593.50,12,0,0.00,0.25,0.25,0.50,11591.83,11593.11,11590.56,11594.38,11589.29,11595.65,11588.02,1.3102,0,0,0,0.58,0.51,39.39,63.67,11593.27,11592.70,11591.87,11587.48,11594.50,11588.50,11588.75,6.00,0.8333,1.00,5.00,1,0,0,11594.50,11588.50,6.00,11593.50,,,0.00,0.00,,,0,0,0.00,0.00,0.00,0.00,0.00,11593.50,11593.50,11591.50,0.00,11594.50,0,0,1760,-1.00,2.50,0.00,0.00,0.00,0.00,0.00,0.00,0.00,0.00,0.00,0.00
2020-01-01 21:18:00,2020-01-01,21:18,21,18,3,1,58,11593.25,11595.00,11593.25,11595.00,114,1,1.75,0.00,0.00,1.75,11591.99,11593.37,11590.61,11594.75,11589.24,11596.12,11587.86,2.1837,0,0,0,0.66,0.76,41.09,74.07,11593.62,11592.91,11591.96,11587.54,11595.00,11588.50,11588.75,6.50,1.0000,0.00,6.50,2,0,0,11595.00,11588.50,6.50,11595.00,,,0.00,0.00,,,0,0,0.00,0.00,0.00,0.00,0.00,11593.50,11593.50,11591.50,0.00,11594.50,0,0,1874,-2.50,4.00,0.00,0.00,0.00,0.00,0.00,0.00,0.00,0.00,0.00,0.00
2020-01-01 21:19:00,2020-01-01,21:19,21,19,3,1,59,11595.00,11595.50,11595.00,11595.25,82,1,0.25,0.25,0.00,0.50,11592.13,11593.63,11590.63,11595.12,11589.13,11596.62,11587.63,2.0836,0,0,0,0.65,0.71,42.95,75.34,11593.94,11593.12,11592.05,11587.61,11595.50,11588.50,11588.75,7.00,0.9643,0.25,6.75,3,0,0,11595.50,11588.50,7.00,11595.25,,,0.00,0.00,,,0,0,0.00,0.00,0.00,0.00,0.00,11593.50,11593.50,11591.50,0.00,11594.50,0,0,1956,-2.75,4.25,0.00,0.00,0.00,0.00,0.00,0.00,0.00,0.00,0.00,0.00
2020-01-01 21:20:00,2020-01-01,21:20,21,20,3,1,60,11595.25,11595.75,11595.25,11595.50,49,1,0.25,0.25,0.00,0.50,11592.21,11593.78,11590.64,11595.35,11589.07,11596.92,11587.51,2.0968,0,0,0,0.64,0.67,44.79,76.57,11594.25,11593.34,11592.15,11587.67,11595.75,11588.50,11588.75,7.25,0.9655,0.25,7.00,4,0,0,11595.75,11588.50,7.25,11595.50,,,0.00,0.00,,,0,0,0.00,0.00,0.00,0.00,0.00,11595.50,11593.50,11591.50,0.00,11595.75,0,0,2005,-3.00,4.50,0.00,0.00,0.00,0.00,0.00,0.00,0.00,0.00,0.00,0.00
2020-01-01 21:21:00,2020-01-01,21:21,21,21,3,1,61,11595.50,11596.00,11594.75,11594.75,101,-1,0.75,0.50,0.00,1.25,11592.35,11594.01,11590.70,11595.66,11589.04,11597.32,11587.39,1.4479,0,0,0,0.69,0.78,45.29,65.92,11594.35,11593.46,11592.23,11587.74,11596.00,11588.50,11588.75,7.50,0.8333,1.25,6.25,0,1,0,11596.00,11588.50,7.50,11594.75,,,0.00,0.00,,,0,0,0.00,0.00,0.00,0.00,0.00,11595.50,11593.50,11591.50,0.00,11595.75,0,0,2106,-2.25,3.75,0.00,0.00,0.00,0.00,0.00,0.00,0.00,0.00,0.00,0.00
2020-01-01 21:22:00,2020-01-01,21:22,21,22,3,1,62,11594.75,11595.25,11594.50,11594.75,28,0,0.00,0.50,0.25,0.75,11592.39,11594.05,11590.72,11595.72,11589.05,11597.39,11587.38,1.4170,0,0,0,0.69,0.78,45.21,65.92,11594.43,11593.58,11592.29,11587.80,11596.00,11588.50,11588.75,7.50,0.8333,1.25,6.25,0,1,0,11596.00,11588.50,7.50,11594.75,,,0.00,0.00,,,0,0,0.00,0.00,0.00,0.00,0.00,11595.50,11593.50,11591.50,0.00,11595.75,0,0,2134,-2.25,3.75,0.00,0.00,0.00,0.00,0.00,0.00,0.00,0.00,0.00,0.00
2020-01-01 21:23:00,2020-01-01,21:23,21,23,3,1,63,11594.75,11595.50,11594.50,11595.25,26,1,0.50,0.25,0.25,1.00,11592.42,11594.10,11590.73,11595.79,11589.05,11597.47,11587.36,1.6812,0,0,0,0.71,0.82,45.33,69.23,11594.60,11593.73,11592.37,11587.86,11596.00,11588.50,11588.75,7.50,0.9000,0.75,6.75,1,0,0,11596.00,11588.50,7.50,11595.25,,,0.00,0.00,,,0,0,0.00,0.00,0.00,0.00,0.00,11595.50,11593.50,11591.50,0.00,11595.75,0,0,2160,-2.75,2.00,0.00,0.00,0.00,0.00,0.00,0.00,0.00,0.00,0.00,0.00
2020-01-01 21:24:00,2020-01-01,21:24,21,24,3,1,64,11595.25,11595.25,11595.00,11595.00,14,-1,0.25,0.00,0.00,0.25,11592.43,11594.13,11590.74,11595.82,11589.05,11597.51,11587.36,1.5154,0,0,0,0.68,0.71,45.45,65.79,11594.68,11593.85,11592.43,11587.92,11596.00,11588.50,11588.75,7.50,0.8667,1.00,6.50,0,1,0,11596.00,11588.50,7.50,11595.00,,,0.00,0.00,,,0,0,0.00,0.00,0.00,0.00,0.00,11595.50,11593.50,11591.50,0.00,11595.75,0,0,2174,-2.50,1.75,0.00,0.00,0.00,0.00,0.00,0.00,0.00,0.00,0.00,0.00
2020-01-01 21:25:00,2020-01-01,21:25,21,25,3,1,65,11595.25,11595.75,11595.00,11595.25,42,0,0.00,0.50,0.25,0.75,11592.49,11594.21,11590.77,11595.93,11589.04,11597.66,11587.32,1.6024,0,0,0,0.68,0.72,45.97,67.53,11594.79,11593.98,11592.49,11587.99,11596.00,11588.50,11588.75,7.50,0.9000,0.75,6.75,0,1,0,11596.00,11588.50,7.50,11595.25,,,0.00,0.00,,,0,0,0.00,0.00,0.00,0.00,0.00,11595.25,11593.50,11591.50,0.00,11596.00,0,0,2216,-2.75,2.00,0.00,0.00,0.00,0.00,0.00,0.00,0.00,0.00,0.00,0.00
2020-01-01 21:26:00,2020-01-01,21:26,21,26,3,1,66,11595.25,11596.00,11595.25,11595.75,35,1,0.50,0.25,0.00,0.75,11592.54,11594.29,11590.79,11596.05,11589.03,11597.80,11587.28,1.8309,0,0,0,0.69,0.72,46.64,70.73,11594.98,11594.14,11592.57,11588.06,11596.00,11588.50,11588.75,7.50,0.9667,0.25,7.25,1,0,0,11596.00,11588.50,7.50,11595.75,,,0.00,0.00,,,0,0,0.00,0.00,0.00,0.00,0.00,11595.25,11593.50,11591.50,0.00,11596.00,0,0,2251,0.25,2.50,0.00,0.00,0.00,0.00,0.00,0.00,0.00,0.00,0.00,0.00
2020-01-01 21:27:00,2020-01-01,21:27,21,27,3,1,67,11595.50,11595.50,11595.00,11595.25,29,-1,0.25,0.00,0.25,0.50,11592.57,11594.34,11590.80,11596.11,11589.04,11597.88,11587.27,1.5131,0,0,0,0.69,0.73,46.64,63.94,11595.04,11594.24,11592.63,11588.13,11596.00,11588.50,11588.75,7.50,0.9000,0.75,6.75,0,1,0,11596.00,11588.50,7.50,11595.25,,,0.00,0.00,,,0,0,0.00,0.00,0.00,0.00,0.00,11595.25,11593.50,11591.50,0.00,11596.00,0,0,2280,0.75,2.00,0.00,0.00,0.00,0.00,0.00,0.00,0.00,0.00,0.00,0.00
2020-01-01 21:28:00,2020-01-01,21:28,21,28,3,1,68,11595.00,11595.00,11594.50,11594.75,34,-1,0.25,0.00,0.25,0.50,11592.61,11594.38,11590.83,11596.16,11589.06,11597.93,11587.28,1.2079,0,0,0,0.70,0.73,45.52,57.95,11594.98,11594.28,11592.67,11588.19,11596.00,11588.50,11588.75,7.50,0.8333,1.25,6.25,0,2,0,11596.00,11588.50,7.50,11594.75,,,0.00,0.00,,,0,0,0.00,0.00,0.00,0.00,0.00,11595.25,11593.50,11591.50,0.00,11596.00,0,0,2314,1.25,1.50,0.00,0.00,0.00,0.00,0.00,0.00,0.00,0.00,0.00,0.00
2020-01-01 21:29:00,2020-01-01,21:29,21,29,3,1,69,11595.00,11595.50,11595.00,11595.00,17,0,0.00,0.50,0.00,0.50,11592.62,11594.41,11590.84,11596.19,11589.06,11597.97,11587.28,1.3331,0,0,0,0.70,0.74,44.99,59.97,11594.98,11594.35,11592.73,11588.26,11596.00,11588.50,11588.75,7.50,0.8667,1.00,6.50,0,2,0,11596.00,11588.50,7.50,11595.00,,,0.00,0.00,,,0,0,0.00,0.00,0.00,0.00,0.00,11595.25,11593.50,11591.50,0.00,11596.00,0,0,2331,1.00,1.75,0.00,0.00,0.00,0.00,0.00,0.00,0.00,0.00,0.00,0.00
2020-01-01 21:30:00,2020-01-01,21:30,21,30,3,1,70,11594.75,11595.00,11594.75,11595.00,29,1,0.25,0.00,0.00,0.25,11592.65,11594.44,11590.86,11596.23,11589.07,11598.02,11587.29,1.3122,0,0,0,0.67,0.64,43.97,59.97,11594.99,11594.41,11592.78,11588.33,11596.00,11588.50,11588.75,7.50,0.8667,1.00,6.50,1,0,0,11596.00,11588.50,7.50,11595.00,,,0.00,0.00,,,0,0,0.00,0.00,0.00,0.00,0.00,11595.00,11595.00,11591.50,0.00,11596.00,0,0,2360,1.00,1.75,0.00,0.00,0.00,0.00,0.00,0.00,0.00,0.00,0.00,0.00
2020-01-01 21:31:00,2020-01-01,21:31,21,31,3,1,71,11594.75,11595.25,11594.50,11594.75,50,0,0.00,0.50,0.25,0.75,11592.70,11594.50,11590.90,11596.29,11589.10,11598.09,11587.31,1.1418,0,0,0,0.67,0.66,43.03,56.81,11594.94,11594.44,11592.83,11588.39,11596.00,11588.50,11588.75,7.50,0.8333,1.25,6.25,1,0,0,11596.00,11588.50,7.50,11594.75,,,0.00,0.00,,,0,0,0.00,0.00,0.00,0.00,0.00,11595.00,11595.00,11591.50,0.00,11596.00,0,0,2410,1.25,1.50,0.00,0.00,0.00,0.00,0.00,0.00,0.00,0.00,0.00,0.00
2020-01-01 21:32:00,2020-01-01,21:32,21,32,3,1,72,11594.75,11595.75,11594.75,11595.25,49,1,0.50,0.50,0.00,1.00,11592.75,11594.56,11590.93,11596.38,11589.12,11598.19,11587.30,1.3783,0,0,0,0.70,0.73,42.70,61.21,11595.00,11594.51,11592.90,11588.45,11596.00,11588.50,11588.75,7.50,0.9000,0.75,6.75,2,0,0,11596.00,11588.50,7.50,11595.25,,,0.00,0.00,,,0,0,0.00,0.00,0.00,0.00,0.00,11595.00,11595.00,11591.50,0.00,11596.00,0,0,2459,0.75,2.00,0.00,0.00,0.00,0.00,0.00,0.00,0.00,0.00,0.00,0.00
2020-01-01 21:33:00,2020-01-01,21:33,21,33,3,1,73,11595.25,11595.75,11595.25,11595.75,16,1,0.50,0.00,0.00,0.50,11592.77,11594.59,11590.94,11596.41,11589.12,11598.24,11587.30,1.6362,0,0,0,0.68,0.68,42.38,65.05,11595.15,11594.63,11593.01,11588.52,11596.00,11588.50,11588.75,7.50,0.9667,0.25,7.25,3,0,0,11596.00,11588.50,7.50,11595.75,,,0.00,0.00,,,0,0,0.00,0.00,0.00,0.00,0.00,11595.00,11595.00,11591.50,0.00,11596.00,0,0,2475,0.25,1.25,0.00,0.00,0.00,0.00,0.00,0.00,0.00,0.00,0.00,0.00
2020-01-01 21:34:00,2020-01-01,21:34,21,34,3,1,74,11595.50,11595.50,11595.25,11595.25,15,-1,0.25,0.00,0.00,0.25,11592.78,11594.61,11590.95,11596.44,11589.13,11598.27,11587.30,1.3495,0,0,0,0.67,0.65,42.10,58.79,11595.17,11594.68,11593.08,11588.58,11596.00,11588.50,11588.75,7.50,0.9000,0.75,6.75,0,1,0,11596.00,11588.50,7.50,11595.25,,,0.00,0.00,,,0,0,0.00,0.00,0.00,0.00,0.00,11595.00,11595.00,11591.50,0.00,11596.00,0,0,2490,0.75,0.75,0.00,0.00,0.00,0.00,0.00,0.00,0.00,0.00,0.00,0.00
2020-01-01 21:35:00,2020-01-01,21:35,21,35,3,1,75,11595.25,11595.50,11595.00,11595.50,12,1,0.25,0.00,0.25,0.50,11592.79,11594.63,11590.96,11596.46,11589.13,11598.29,11587.30,1.4763,0,0,0,0.66,0.62,41.20,60.82,11595.24,11594.76,11593.18,11588.65,11596.00,11588.50,11588.75,7.50,0.9333,0.50,7.00,1,0,0,11596.00,11588.50,7.50,11595.50,,,0.00,0.00,,,0,0,0.00,0.00,0.00,0.00,0.00,11595.50,11595.00,11591.50,0.00,11595.75,0,0,2502,0.50,1.00,0.00,0.00,0.00,0.00,0.00,0.00,0.00,0.00,0.00,0.00
2020-01-01 21:36:00,2020-01-01,21:36,21,36,3,1,76,11595.50,11597.00,11595.50,11597.00,104,1,1.50,0.00,0.00,1.50,11592.94,11594.88,11591.01,11596.82,11589.07,11598.75,11587.13,2.0952,0,0,0,0.72,0.79,41.83,70.29,11595.59,11594.96,11593.28,11588.72,11597.00,11588.50,11588.75,8.50,1.0000,0.00,8.50,2,0,0,11597.00,11588.50,8.50,11597.00,,,0.00,0.00,,,0,0,0.00,0.00,0.00,0.00,0.00,11595.50,11595.00,11591.50,0.00,11595.75,0,0,2606,-1.00,2.50,0.00,0.00,0.00,0.00,0.00,0.00,0.00,0.00,0.00,0.00
2020-01-01 21:37:00,2020-01-01,21:37,21,37,3,1,77,11597.00,11597.75,11596.75,11597.00,78,0,0.00,0.75,0.25,1.00,11593.07,11595.10,11591.03,11597.14,11588.99,11599.17,11586.96,1.9327,0,0,0,0.74,0.83,42.91,70.29,11595.87,11595.15,11593.41,11588.79,11597.75,11588.50,11588.75,9.25,0.9189,0.75,8.50,2,0,0,11597.75,11588.50,9.25,11597.00,,,0.00,0.00,,,0,0,0.00,0.00,0.00,0.00,0.00,11595.50,11595.00,11591.50,0.00,11595.75,0,0,2684,-1.00,2.50,0.00,0.00,0.00,0.00,0.00,0.00,0.00,0.00,0.00,0.00
2020-01-01 21:38:00,2020-01-01,21:38,21,38,3,1,78,11597.00,11597.25,11596.75,11597.00,33,0,0.00,0.25,0.25,0.50,11593.11,11595.18,11591.04,11597.25,11588.98,11599.32,11586.91,1.8788,0,0,0,0.72,0.77,43.90,70.29,11596.10,11595.31,11593.55,11588.86,11597.75,11588.50,11588.75,9.25,0.9189,0.75,8.50,2,0,0,11597.75,11588.50,9.25,11597.00,,,0.00,0.00,,,0,0,0.00,0.00,0.00,0.00,0.00,11595.50,11595.00,11591.50,0.00,11595.75,0,0,2717,-1.00,2.50,0.00,0.00,0.00,0.00,0.00,0.00,0.00,0.00,0.00,0.00
2020-01-01 21:39:00,2020-01-01,21:39,21,39,3,1,79,11597.00,11597.25,11596.75,11596.75,25,-1,0.25,0.25,0.00,0.50,11593.15,11595.24,11591.06,11597.33,11588.97,11599.42,11586.88,1.7228,0,0,0,0.71,0.71,44.83,66.92,11596.23,11595.45,11593.67,11588.93,11597.75,11588.50,11588.75,9.25,0.8919,1.00,8.25,0,1,0,11597.75,11588.50,9.25,11596.75,,,0.00,0.00,,,0,0,0.00,0.00,0.00,0.00,0.00,11595.50,11595.00,11591.50,0.00,11595.75,0,0,2742,-0.75,2.25,0.00,0.00,0.00,0.00,0.00,0.00,0.00,0.00,0.00,0.00
2020-01-01 21:40:00,2020-01-01,21:40,21,40,3,1,80,11596.50,11596.75,11596.25,11596.50,24,0,0.00,0.25,0.25,0.50,11593.18,11595.28,11591.07,11597.39,11588.97,11599.49,11586.86,1.5788,0,0,0,0.69,0.67,44.55,63.64,11596.28,11595.54,11593.78,11589.00,11597.75,11588.50,11588.75,9.25,0.8649,1.25,8.00,0,1,0,11597.75,11588.50,9.25,11596.50,,,0.00,0.00,,,0,0,0.00,0.00,0.00,0.00,0.00,11596.50,11595.00,11591.50,0.00,11597.75,0,0,2766,-0.50,2.00,0.00,0.00,0.00,0.00,0.00,0.00,0.00,0.00,0.00,0.00
2020-01-01 21:41:00,2020-01-01,21:41,21,41,3,1,81,11596.50,11596.50,11596.00,11596.25,28,-1,0.25,0.00,0.25,0.50,11593.21,11595.32,11591.09,11597.44,11588.97,11599.56,11586.86,1.4374,0,0,0,0.68,0.64,43.77,60.45,11596.28,11595.61,11593.88,11589.06,11597.75,11588.50,11588.75,9.25,0.8378,1.50,7.75,0,2,0,11597.75,11588.50,9.25,11596.25,,,0.00,0.00,,,0,0,0.00,0.00,0.00,0.00,0.00,11596.50,11595.00,11591.50,0.00,11597.75,0,0,2794,-0.25,1.75,0.00,0.00,0.00,0.00,0.00,0.00,0.00,0.00,0.00,0.00
2020-01-01 21:42:00,2020-01-01,21:42,21,42,3,1,82,11596.25,11596.50,11596.25,11596.50,22,1,0.25,0.00,0.00,0.25,11593.23,11595.36,11591.11,11597.49,11588.98,11599.61,11586.85,1.5360,0,0,0,0.65,0.56,43.05,62.47,11596.32,11595.69,11593.98,11589.13,11597.75,11588.50,11588.75,9.25,0.8649,1.25,8.00,1,0,0,11597.75,11588.50,9.25,11596.50,,,0.00,0.00,,,0,0,0.00,0.00,0.00,0.00,0.00,11596.50,11595.00,11591.50,0.00,11597.75,0,0,2816,1.25,2.00,0.00,0.00,0.00,0.00,0.00,0.00,0.00,0.00,0.00,0.00
2020-01-01 21:43:00,2020-01-01,21:43,21,43,3,1,83,11596.50,11597.75,11596.50,11597.25,100,1,0.75,0.50,0.00,1.25,11593.37,11595.58,11591.16,11597.79,11588.95,11600.00,11586.74,1.7571,0,0,0,0.69,0.70,43.47,67.81,11596.51,11595.83,11594.09,11589.20,11597.75,11588.50,11588.75,9.25,0.9459,0.50,8.75,2,0,0,11597.75,11588.50,9.25,11597.25,,,0.00,0.00,,,0,0,0.00,0.00,0.00,0.00,0.00,11596.50,11595.00,11591.50,0.00,11597.75,0,0,2916,0.50,2.75,0.00,0.00,0.00,0.00,0.00,0.00,0.00,0.00,0.00,0.00
2020-01-01 21:44:00,2020-01-01,21:44,21,44,3,1,84,11597.00,11597.75,11596.75,11597.00,48,0,0.00,0.75,0.25,1.00,11593.43,11595.67,11591.19,11597.92,11588.94,11600.16,11586.70,1.5917,0,0,0,0.71,0.76,43.86,64.51,11596.61,11595.94,11594.19,11589.27,11597.75,11588.50,11588.75,9.25,0.9189,0.75,8.50,2,0,0,11597.75,11588.50,9.25,11597.00,,,0.00,0.00,,,0,0,0.00,0.00,0.00,0.00,0.00,11596.50,11595.00,11591.50,0.00,11597.75,0,0,2964,0.75,2.50,0.00,0.00,0.00,0.00,0.00,0.00,0.00,0.00,0.00,0.00
2020-01-01 21:45:00,2020-01-01,21:45,21,45,3,1,85,11597.00,11597.00,11596.75,11597.00,8,0,0.00,0.00,0.25,0.25,11593.44,11595.69,11591.19,11597.93,11588.94,11600.18,11586.70,1.5845,0,0,0,0.68,0.66,44.23,64.51,11596.68,11596.03,11594.30,11589.35,11597.75,11588.50,11588.75,9.25,0.9189,0.75,8.50,2,0,0,11597.75,11588.50,9.25,11597.00,,,0.00,0.00,,,0,0,0.00,0.00,0.00,0.00,0.00,11597.00,11597.00,11591.50,0.00,11597.75,0,0,2972,0.75,2.50,0.00,0.00,0.00,0.00,0.00,0.00,0.00,0.00,0.00,0.00
2020-01-01 21:46:00,2020-01-01,21:46,21,46,3,1,86,11596.75,11596.75,11596.00,11596.25,34,-1,0.50,0.00,0.25,0.75,11593.47,11595.73,11591.22,11597.98,11588.96,11600.24,11586.70,1.2318,0,0,0,0.70,0.73,42.99,55.20,11596.60,11596.05,11594.39,11589.41,11597.75,11588.50,11588.75,9.25,0.8378,1.50,7.75,0,1,0,11597.75,11588.50,9.25,11596.25,,,0.00,0.00,,,0,0,0.00,0.00,0.00,0.00,0.00,11597.00,11597.00,11591.50,0.00,11597.75,0,0,3006,1.50,1.75,0.00,0.00,0.00,0.00,0.00,0.00,0.00,0.00,0.00,0.00
2020-01-01 21:47:00,2020-01-01,21:47,21,47,3,1,87,11596.25,11596.25,11596.00,11596.25,27,0,0.00,0.00,0.25,0.25,11593.50,11595.76,11591.24,11598.02,11588.98,11600.28,11586.72,1.2189,0,0,0,0.67,0.63,41.85,55.20,11596.53,11596.07,11594.49,11589.48,11597.75,11588.50,11588.75,9.25,0.8378,1.50,7.75,0,1,0,11597.75,11588.50,9.25,11596.25,,,0.00,0.00,,,0,0,0.00,0.00,0.00,0.00,0.00,11597.00,11597.00,11591.50,0.00,11597.75,0,0,3033,1.50,1.75,0.00,0.00,0.00,0.00,0.00,0.00,0.00,0.00,0.00,0.00
2020-01-01 21:48:00,2020-01-01,21:48,21,48,3,1,88,11596.25,11596.25,11596.00,11596.00,12,-1,0.25,0.00,0.00,0.25,11593.51,11595.77,11591.24,11598.03,11588.98,11600.29,11586.72,1.1031,0,0,0,0.64,0.55,40.79,52.28,11596.42,11596.06,11594.59,11589.54,11597.75,11588.50,11588.75,9.25,0.8108,1.75,7.50,0,2,0,11597.75,11588.50,9.25,11596.00,,,0.00,0.00,,,0,0,0.00,0.00,0.00,0.00,0.00,11597.00,11597.00,11591.50,0.00,11597.75,0,0,3045,1.75,1.50,0.00,0.00,0.00,0.00,0.00,0.00,0.00,0.00,0.00,0.00
2020-01-01 21:49:00,2020-01-01,21:49,21,49,3,1,89,11596.25,11596.25,11595.50,11595.75,44,-1,0.50,0.00,0.25,0.75,11593.54,11595.80,11591.28,11598.06,11589.01,11600.32,11586.75,0.9776,0,0,0,0.65,0.59,38.80,49.46,11596.29,11596.04,11594.68,11589.60,11597.75,11588.50,11588.75,9.25,0.7838,2.00,7.25,0,3,0,11597.75,11588.50,9.25,11595.75,,,0.00,0.00,,,0,0,0.00,0.00,0.00,0.00,0.00,11597.00,11597.00,11591.50,0.00,11597.75,0,0,3089,2.00,1.25,0.00,0.00,0.00,0.00,0.00,0.00,0.00,0.00,0.00,0.00
2020-01-01 21:50:00,2020-01-01,21:50,21,50,3,1,90,11595.75,11596.25,11595.75,11596.25,16,1,0.50,0.00,0.00,0.50,11593.55,11595.82,11591.29,11598.08,11589.02,11600.34,11586.76,1.1920,0,0,0,0.64,0.57,36.97,54.71,11596.28,11596.05,11594.78,11589.67,11597.75,11588.50,11588.75,9.25,0.8378,1.50,7.75,1,0,0,11597.75,11588.50,9.25,11596.25,,,0.00,0.00,,,0,0,0.00,0.00,0.00,0.00,0.00,11596.25,11597.00,11591.50,0.00,11596.75,0,0,3105,1.50,1.75,0.00,0.00,0.00,0.00,0.00,0.00,0.00,0.00,0.00,0.00
2020-01-01 21:51:00,2020-01-01,21:51,21,51,3,1,91,11596.00,11596.75,11596.00,11596.75,28,1,0.75,0.00,0.00,0.75,11593.58,11595.85,11591.31,11598.12,11589.04,11600.39,11586.77,1.3971,0,0,0,0.65,0.61,35.96,59.28,11596.37,11596.12,11594.87,11589.73,11597.75,11588.50,11588.75,9.25,0.8919,1.00,8.25,2,0,0,11597.75,11588.50,9.25,11596.75,,,0.00,0.00,,,0,0,0.00,0.00,0.00,0.00,0.00,11596.25,11597.00,11591.50,0.00,11596.75,0,0,3133,1.00,2.25,0.00,0.00,0.00,0.00,0.00,0.00,0.00,0.00,0.00,0.00
2020-01-01 21:52:00,2020-01-01,21:52,21,52,3,1,92,11597.00,11597.50,11596.75,11596.75,14,-1,0.25,0.50,0.00,0.75,11593.59,11595.87,11591.32,11598.15,11589.04,11600.42,11586.76,1.3865,0,0,0,0.65,0.64,35.87,59.28,11596.45,11596.18,11594.97,11589.79,11597.75,11588.50,11588.75,9.25,0.8919,1.00,8.25,0,1,0,11597.75,11588.50,9.25,11596.75,,,0.00,0.00,,,0,0,0.00,0.00,0.00,0.00,0.00,11596.25,11597.00,11591.50,0.00,11596.75,0,0,3147,1.00,2.25,0.00,0.00,0.00,0.00,0.00,0.00,0.00,0.00,0.00,0.00
2020-01-01 21:53:00,2020-01-01,21:53,21,53,3,1,93,11596.75,11596.75,11596.75,11596.75,14,0,0.00,0.00,0.00,0.00,11593.61,11595.89,11591.33,11598.17,11589.04,11600.45,11586.76,1.3775,0,0,0,0.61,0.51,35.79,59.28,11596.51,11596.23,11595.06,11589.85,11597.75,11588.50,11588.75,9.25,0.8919,1.00,8.25,0,1,0,11597.75,11588.50,9.25,11596.75,,,0.00,0.00,,,0,0,0.00,0.00,0.00,0.00,0.00,11596.25,11597.00,11591.50,0.00,11596.75,0,0,3161,1.00,2.25,0.00,0.00,0.00,0.00,0.00,0.00,0.00,0.00,0.00,0.00
2020-01-01 21:54:00,2020-01-01,21:54,21,54,3,1,94,11597.00,11598.00,11596.75,11598.00,73,1,1.00,0.00,0.25,1.25,11593.70,11596.03,11591.37,11598.36,11589.03,11600.69,11586.70,1.8455,0,0,0,0.65,0.66,36.78,69.02,11596.81,11596.39,11595.18,11589.91,11598.00,11588.50,11588.75,9.50,1.0000,0.00,9.50,1,0,0,11598.00,11588.50,9.50,11598.00,,,0.00,0.00,,,0,0,0.00,0.00,0.00,0.00,0.00,11596.25,11597.00,11591.50,0.00,11596.75,0,0,3234,-0.25,2.50,0.00,0.00,0.00,0.00,0.00,0.00,0.00,0.00,0.00,0.00
2020-01-01 21:55:00,2020-01-01,21:55,21,55,3,1,95,11597.75,11598.00,11597.75,11597.75,12,0,0.00,0.25,0.00,0.25,11593.71,11596.05,11591.37,11598.39,11589.03,11600.73,11586.69,1.7250,0,0,0,0.62,0.58,37.71,65.64,11597.00,11596.51,11595.29,11589.98,11598.00,11588.50,11588.75,9.50,0.9737,0.25,9.25,1,0,0,11598.00,11588.50,9.50,11597.75,,,0.00,0.00,,,0,0,0.00,0.00,0.00,0.00,0.00,11597.75,11597.00,11591.50,0.00,11598.00,0,0,3246,0.00,2.25,0.00,0.00,0.00,0.00,0.00,0.00,0.00,0.00,0.00,0.00
2020-01-01 21:56:00,2020-01-01,21:56,21,56,3,1,96,11598.00,11598.00,11597.00,11597.50,19,-1,0.50,0.00,0.50,1.00,11593.73,11596.09,11591.38,11598.44,11589.03,11600.79,11586.68,1.6013,0,0,0,0.65,0.66,37.09,62.35,11597.10,11596.60,11595.39,11590.04,11598.00,11588.50,11588.75,9.50,0.9474,0.50,9.00,0,1,0,11598.00,11588.50,9.50,11597.50,,,0.00,0.00,,,0,0,0.00,0.00,0.00,0.00,0.00,11597.75,11597.00,11591.50,0.00,11598.00,0,0,3265,0.25,2.00,0.00,0.00,0.00,0.00,0.00,0.00,0.00,0.00,0.00,0.00
2020-01-01 21:57:00,2020-01-01,21:57,21,57,3,1,97,11597.50,11597.50,11597.50,11597.50,4,0,0.00,0.00,0.00,0.00,11593.74,11596.09,11591.39,11598.45,11589.03,11600.80,11586.68,1.5978,0,0,0,0.60,0.53,36.52,62.35,11597.18,11596.68,11595.50,11590.10,11598.00,11588.50,11588.75,9.50,0.9474,0.50,9.00,0,1,0,11598.00,11588.50,9.50,11597.50,,,0.00,0.00,,,0,0,0.00,0.00,0.00,0.00,0.00,11597.75,11597.00,11591.50,0.00,11598.00,0,0,3269,0.25,2.00,0.00,0.00,0.00,0.00,0.00,0.00,0.00,0.00,0.00,0.00
2020-01-01 21:58:00,2020-01-01,21:58,21,58,3,1,98,11597.50,11597.50,11597.25,11597.25,18,-1,0.25,0.00,0.00,0.25,11593.76,11596.12,11591.40,11598.48,11589.03,11600.85,11586.67,1.4779,0,0,0,0.58,0.47,35.53,58.92,11597.19,11596.74,11595.60,11590.16,11598.00,11588.50,11588.75,9.50,0.9211,0.75,8.75,0,2,0,11598.00,11588.50,9.50,11597.25,,,0.00,0.00,,,0,0,0.00,0.00,0.00,0.00,0.00,11597.75,11597.00,11591.50,0.00,11598.00,0,0,3287,0.50,1.75,0.00,0.00,0.00,0.00,0.00,0.00,0.00,0.00,0.00,0.00
2020-01-01 21:59:00,2020-01-01,21:59,21,59,3,1,99,11597.00,11597.25,11596.75,11597.00,11,0,0.00,0.25,0.25,0.50,11593.77,11596.14,11591.40,11598.50,11589.04,11600.87,11586.67,1.3655,0,0,0,0.57,0.48,33.74,55.63,11597.15,11596.76,11595.69,11590.22,11598.00,11588.50,11588.75,9.50,0.8947,1.00,8.50,0,2,0,11598.00,11588.50,9.50,11597.00,,,0.00,0.00,,,0,0,0.00,0.00,0.00,0.00,0.00,11597.75,11597.00,11591.50,0.00,11598.00,0,0,3298,1.00,1.50,0.00,0.00,0.00,0.00,0.00,0.00,0.00,0.00,0.00,0.00
